sep=,
type,sourceName,sourceVersion,productType,device,startDate,endDate,activityType,duration,durationUnit,totalEnergyBurned,totalDistance,totalSwimmingStrokeCount,totalFlightsClimbed,HKTimeZone,HKWeatherHumidity,HKWeatherTemperature,HKAverageMETs,HKIndoorWorkout
HKWorkoutTypeIdentifier,Susan’s Apple Watch,2022-10-02 21:26:44 +0000,2022-10-03 00:36:45 +0000,Pickleball,10462.807289123535,sec,1162.6 kcal, America/Los_Angeles,5500 %,71.6 degF,7.04993 kcal/hr·kg,0
HKWorkoutTypeIdentifier,Susan’s Apple Watch,2022-10-15 21:51:37 +0000,2022-10-16 00:40:02 +0000,Pickleball,8667.600539922714,sec,935.229 kcal,,,,America/Los_Angeles,5100 %,71.6 degF,6.65954 kcal/hr·kg,0
HKWorkoutTypeIdentifier,Susan’s Apple Watch,2022-10-23 23:02:02 +0000,2022-10-23 23:50:31 +0000,Pickleball,2720.5430669784546,sec,347.136 kcal,,,,America/Los_Angeles,,,7.92621 kcal/hr·kg,0
HKWorkoutTypeIdentifier,Susan’s Apple Watch,2022-10-24 01:21:40 +0000,2022-10-24 02:54:55 +0000,Pickleball,5595.472230911255,sec,791.949 kcal,,,,America/Los_Angeles,4500 %,62.6 degF,8.74329 kcal/hr·kg,0
HKWorkoutTypeIdentifier,Susan’s Apple Watch,2022-10-27 00:02:57 +0000,2022-10-27 04:20:15 +0000,Pickleball,7235.04703605175,sec,847.92 kcal,,,,America/Los_Angeles,4900 %,64.4 degF,6.92905 kcal/hr·kg,0
HKWorkoutTypeIdentifier,Susan’s Apple Watch,2022-10-28 18:08:57 +0000,2022-10-28 18:38:22 +0000,Pickleball,653.5814549922943,sec,61.9535 kcal,,,,America/Los_Angeles,6300 %,60.8 degF,6.07315 kcal/hr·kg,0
HKWorkoutTypeIdentifier,Susan’s Apple Watch,2022-10-30 22:31:47 +0000,2022-10-31 01:17:17 +0000,Pickleball,7600.362571954727,sec,1027.35 kcal,,,,America/Los_Angeles,4500 %,71.6 degF,7.97926 kcal/hr·kg,0
HKWorkoutTypeIdentifier,Susan’s Apple Watch,2022-11-02 00:48:14 +0000,2022-11-02 01:33:28 +0000,Pickleball,2546.5634731054306,sec,257.348 kcal,,,,America/Los_Angeles,7500 %,53.6 degF,6.27174 kcal/hr·kg,0
HKWorkoutTypeIdentifier,Susan’s Apple Watch,8.7,"Watch5,1","<<HKDevice: 0x282e0ac60>, name:Apple Watch, manufacturer:Apple Inc., model:Watch, hardware:Watch5,1, software:8.7>",2022-11-03 18:30:54 +0000,2022-11-03 20:01:37 +0000,Pickleball,4634.276890993118,sec,520.941 kcal,,,,America/Los_Angeles,5000 %,55.4 degF,6.3154 kcal/hr·kg,0
HKWorkoutTypeIdentifier,Susan’s Apple Watch,8.7,"Watch5,1","<<HKDevice: 0x282e0ac60>, name:Apple Watch, manufacturer:Apple Inc., model:Watch, hardware:Watch5,1, software:8.7>",2022-11-05 19:29:56 +0000,2022-11-05 21:47:34 +0000,Pickleball,6167.976803064346,sec,707.687 kcal,,,,America/Los_Angeles,7000 %,62.6 degF,6.12978 kcal/hr·kg,0
HKWorkoutTypeIdentifier,Susan’s Apple Watch,8.7,"Watch5,1","<<HKDevice: 0x282e0ac60>, name:Apple Watch, manufacturer:Apple Inc., model:Watch, hardware:Watch5,1, software:8.7>",2022-11-07 01:03:13 +0000,2022-11-07 03:28:57 +0000,Pickleball,8627.761793971062,sec,930.417 kcal,,,,America/Los_Angeles,7600 %,53.6 degF,6.84571 kcal/hr·kg,0
HKWorkoutTypeIdentifier,Susan’s Apple Watch,8.7,"Watch5,1","<<HKDevice: 0x282e0ac60>, name:Apple Watch, manufacturer:Apple Inc., model:Watch, hardware:Watch5,1, software:8.7>",2022-11-09 02:45:02 +0000,2022-11-09 03:41:33 +0000,Pickleball,3017.175325989723,sec,367.442 kcal,,,,America/Los_Angeles,8000 %,48.2 degF,7.58062 kcal/hr·kg,0
HKWorkoutTypeIdentifier,Susan’s Apple Watch,8.7,"Watch5,1","<<HKDevice: 0x282e0ac60>, name:Apple Watch, manufacturer:Apple Inc., model:Watch, hardware:Watch5,1, software:8.7>",2022-11-10 03:24:10 +0000,2022-11-10 04:06:06 +0000,Pickleball,2515.5580220222473,sec,287.975 kcal,,,,America/Los_Angeles,7700 %,51.8 degF,7.18092 kcal/hr·kg,0
HKWorkoutTypeIdentifier,Susan’s Apple Watch,8.7,"Watch5,1","<<HKDevice: 0x282e0ac60>, name:Apple Watch, manufacturer:Apple Inc., model:Watch, hardware:Watch5,1, software:8.7>",2022-11-12 20:30:12 +0000,2022-11-12 21:06:12 +0000,Pickleball,2160.719560980797,sec,202.043 kcal,,,,America/Los_Angeles,5000 %,57.2 degF,6.0053 kcal/hr·kg,0
HKWorkoutTypeIdentifier,Susan’s Apple Watch,8.7,"Watch5,1","<<HKDevice: 0x282e0ac60>, name:Apple Watch, manufacturer:Apple Inc., model:Watch, hardware:Watch5,1, software:8.7>",2022-11-14 00:14:14 +0000,2022-11-14 02:53:04 +0000,Pickleball,6449.333330273628,sec,643.037 kcal,,,,America/Los_Angeles,3800 %,57.2 degF,5.57775 kcal/hr·kg,0
HKWorkoutTypeIdentifier,Susan’s Apple Watch,8.7,"Watch5,1","<<HKDevice: 0x282e0ac60>, name:Apple Watch, manufacturer:Apple Inc., model:Watch, hardware:Watch5,1, software:8.7>",2022-11-15 18:23:46 +0000,2022-11-15 20:35:37 +0000,Pickleball,2838.7940809726715,sec,285.638 kcal,,,,America/Los_Angeles,4400 %,59 degF,11.2469 kcal/hr·kg,0
HKWorkoutTypeIdentifier,Susan’s Apple Watch,8.7,"Watch5,1","<<HKDevice: 0x282e0ac60>, name:Apple Watch, manufacturer:Apple Inc., model:Watch, hardware:Watch5,1, software:8.7>",2022-11-16 02:23:08 +0000,2022-11-16 04:56:45 +0000,Pickleball,6590.090782880783,sec,666.169 kcal,,,,America/Los_Angeles,4800 %,53.6 degF,6.30467 kcal/hr·kg,0
HKWorkoutTypeIdentifier,Susan’s Apple Watch,8.7,"Watch5,1","<<HKDevice: 0x282e0ac60>, name:Apple Watch, manufacturer:Apple Inc., model:Watch, hardware:Watch5,1, software:8.7>",2022-11-19 02:38:50 +0000,2022-11-19 03:47:57 +0000,Pickleball,4147.384381890297,sec,476.012 kcal,,,,America/Los_Angeles,6200 %,55.4 degF,7.32697 kcal/hr·kg,0
HKWorkoutTypeIdentifier,Susan’s Apple Watch,8.7,"Watch5,1","<<HKDevice: 0x282e0ac60>, name:Apple Watch, manufacturer:Apple Inc., model:Watch, hardware:Watch5,1, software:8.7>",2022-11-19 23:24:22 +0000,2022-11-20 01:20:08 +0000,Pickleball,6123.926782011986,sec,644.804 kcal,,,,America/Los_Angeles,2900 %,64.4 degF,8.3688 kcal/hr·kg,0
HKWorkoutTypeIdentifier,Susan’s Apple Watch,8.7,"Watch5,1","<<HKDevice: 0x282e0ac60>, name:Apple Watch, manufacturer:Apple Inc., model:Watch, hardware:Watch5,1, software:8.7>",2022-11-21 01:04:55 +0000,2022-11-21 03:27:38 +0000,Pickleball,7203.325442910194,sec,723.997 kcal,,,,America/Los_Angeles,4700 %,57.2 degF,6.40654 kcal/hr·kg,0
HKWorkoutTypeIdentifier,Susan’s Apple Watch,8.7,"Watch5,1","<<HKDevice: 0x282e0ac60>, name:Apple Watch, manufacturer:Apple Inc., model:Watch, hardware:Watch5,1, software:8.7>",2022-11-22 02:08:32 +0000,2022-11-22 05:24:43 +0000,Pickleball,10548.92248082161,sec,1223.85 kcal,,,,America/Los_Angeles,4500 %,55.4 degF,6.96929 kcal/hr·kg,0
HKWorkoutTypeIdentifier,Susan’s Apple Watch,8.7,"Watch5,1","<<HKDevice: 0x282e0ac60>, name:Apple Watch, manufacturer:Apple Inc., model:Watch, hardware:Watch5,1, software:8.7>",2022-11-23 00:14:59 +0000,2022-11-23 03:11:36 +0000,Pickleball,8366.895599007607,sec,937.739 kcal,,,,America/Los_Angeles,4200 %,62.6 degF,6.63204 kcal/hr·kg,0
HKWorkoutTypeIdentifier,Susan’s Apple Watch,8.7,"Watch5,1","<<HKDevice: 0x282e0ac60>, name:Apple Watch, manufacturer:Apple Inc., model:Watch, hardware:Watch5,1, software:8.7>",2022-11-26 21:51:03 +0000,2022-11-26 22:06:46 +0000,Pickleball,942.4866179227829,sec,68.0236 kcal,,,,America/Los_Angeles,4500 %,64.4 degF,3.88094 kcal/hr·kg,0
HKWorkoutTypeIdentifier,Susan’s Apple Watch,8.7,"Watch5,1","<<HKDevice: 0x282e0ac60>, name:Apple Watch, manufacturer:Apple Inc., model:Watch, hardware:Watch5,1, software:8.7>",2022-11-26 22:09:47 +0000,2022-11-26 22:41:43 +0000,Pickleball,1752.7717040777206,sec,213.462 kcal,,,,America/Los_Angeles,4500 %,64.4 degF,7.46611 kcal/hr·kg,0
HKWorkoutTypeIdentifier,Susan’s Apple Watch,8.7,"Watch5,1","<<HKDevice: 0x282e0ac60>, name:Apple Watch, manufacturer:Apple Inc., model:Watch, hardware:Watch5,1, software:8.7>",2022-11-26 22:42:49 +0000,2022-11-26 22:56:52 +0000,Pickleball,842.945415019989,sec,106.657 kcal,,,,America/Los_Angeles,,,8.00066 kcal/hr·kg,0
HKWorkoutTypeIdentifier,Susan’s Apple Watch,9.1,"Watch5,1","<<HKDevice: 0x282e32f30>, name:Apple Watch, manufacturer:Apple Inc., model:Watch, hardware:Watch5,1, software:9.1>",2022-11-30 02:09:52 +0000,2022-11-30 03:20:05 +0000,Pickleball,4213.420202970505,sec,449.824 kcal,,,,America/Los_Angeles,6400 %,49.172 degF,6.82786 kcal/hr·kg,0
HKWorkoutTypeIdentifier,Susan’s Apple Watch,9.1,"Watch5,1","<<HKDevice: 0x282e32f30>, name:Apple Watch, manufacturer:Apple Inc., model:Watch, hardware:Watch5,1, software:9.1>",2022-12-01 05:16:29 +0000,2022-12-01 07:04:33 +0000,Pickleball,4856.220582842827,sec,549.471 kcal,,,,Pacific/Honolulu,8000 %,76.478 degF,5.95509 kcal/hr·kg,0
HKWorkoutTypeIdentifier,Susan’s Apple Watch,9.1,"Watch5,1","<<HKDevice: 0x282e32f30>, name:Apple Watch, manufacturer:Apple Inc., model:Watch, hardware:Watch5,1, software:9.1>",2022-12-06 05:34:13 +0000,2022-12-06 05:41:26 +0000,Pickleball,432.2887599468231,sec,42.4303 kcal,,,,Pacific/Honolulu,7800 %,75.578 degF,6.31055 kcal/hr·kg,0
HKWorkoutTypeIdentifier,Susan’s Apple Watch,9.1,"Watch5,1","<<HKDevice: 0x282e32f30>, name:Apple Watch, manufacturer:Apple Inc., model:Watch, hardware:Watch5,1, software:9.1>",2022-12-07 07:15:27 +0000,2022-12-07 07:56:21 +0000,Pickleball,2453.658661007881,sec,265.76 kcal,,,,Pacific/Honolulu,,,6.75335 kcal/hr·kg,0
HKWorkoutTypeIdentifier,Susan’s Apple Watch,9.1,"Watch5,1","<<HKDevice: 0x282e32f30>, name:Apple Watch, manufacturer:Apple Inc., model:Watch, hardware:Watch5,1, software:9.1>",2022-12-09 03:19:15 +0000,2022-12-09 03:47:25 +0000,Pickleball,1690.5988640785217,sec,171.05 kcal,,,,Pacific/Honolulu,7200 %,77.504 degF,6.2559 kcal/hr·kg,0
HKWorkoutTypeIdentifier,Susan’s Apple Watch,9.1,"Watch5,1","<<HKDevice: 0x282e32f30>, name:Apple Watch, manufacturer:Apple Inc., model:Watch, hardware:Watch5,1, software:9.1>",2022-12-10 00:43:47 +0000,2022-12-10 04:05:20 +0000,Pickleball,9223.584349036217,sec,1133.04 kcal,,,,Pacific/Honolulu,6400 %,78.53 degF,6.19362 kcal/hr·kg,0
HKWorkoutTypeIdentifier,Susan’s Apple Watch,9.1,"Watch5,1","<<HKDevice: 0x282e32f30>, name:Apple Watch, manufacturer:Apple Inc., model:Watch, hardware:Watch5,1, software:9.1>",2022-12-11 20:26:05 +0000,2022-12-11 22:26:37 +0000,Pickleball,7095.945362091064,sec,871.688 kcal,,,,America/Los_Angeles,7800 %,46.58 degF,7.61992 kcal/hr·kg,0
HKWorkoutTypeIdentifier,Susan’s Apple Watch,9.1,"Watch5,1","<<HKDevice: 0x282e32f30>, name:Apple Watch, manufacturer:Apple Inc., model:Watch, hardware:Watch5,1, software:9.1>",2022-12-13 00:40:12 +0000,2022-12-13 02:17:36 +0000,Pickleball,5289.3035670518875,sec,589.208 kcal,,,,America/Los_Angeles,7500 %,48.92 degF,6.86389 kcal/hr·kg,0
HKWorkoutTypeIdentifier,Susan’s Apple Watch,9.1,"Watch5,1","<<HKDevice: 0x282e32f30>, name:Apple Watch, manufacturer:Apple Inc., model:Watch, hardware:Watch5,1, software:9.1>",2022-12-14 02:05:17 +0000,2022-12-14 05:03:41 +0000,Pickleball,9035.977553725243,sec,1113.36 kcal,,,,America/Los_Angeles,7600 %,47.03 degF,7.10301 kcal/hr·kg,0
HKWorkoutTypeIdentifier,Susan’s Apple Watch,9.1,"Watch5,1","<<HKDevice: 0x282e32f30>, name:Apple Watch, manufacturer:Apple Inc., model:Watch, hardware:Watch5,1, software:9.1>",2022-12-18 23:10:14 +0000,2022-12-19 01:13:52 +0000,Pickleball,6442.178640961647,sec,728.531 kcal,,,,America/Los_Angeles,5800 %,53.078 degF,6.76138 kcal/hr·kg,0
HKWorkoutTypeIdentifier,Susan’s Apple Watch,9.2,"Watch5,1","<<HKDevice: 0x282e72b20>, name:Apple Watch, manufacturer:Apple Inc., model:Watch, hardware:Watch5,1, software:9.2>",2022-12-19 19:11:39 +0000,2022-12-19 20:36:40 +0000,Pickleball,4962.452618122101,sec,633.094 kcal,,,,America/Los_Angeles,7600 %,44.546 degF,7.87773 kcal/hr·kg,0
HKWorkoutTypeIdentifier,Susan’s Apple Watch,9.2,"Watch5,1","<<HKDevice: 0x282e72b20>, name:Apple Watch, manufacturer:Apple Inc., model:Watch, hardware:Watch5,1, software:9.2>",2022-12-21 02:24:00 +0000,2022-12-21 05:08:25 +0000,Pickleball,9229.733808040619,sec,1328.93 kcal,,,,America/Los_Angeles,7400 %,48.308 degF,8.64966 kcal/hr·kg,0
HKWorkoutTypeIdentifier,Susan’s Apple Watch,9.2,"Watch5,1","<<HKDevice: 0x282e72b20>, name:Apple Watch, manufacturer:Apple Inc., model:Watch, hardware:Watch5,1, software:9.2>",2022-12-21 22:19:30 +0000,2022-12-22 00:51:45 +0000,Pickleball,7644.505754947662,sec,983.511 kcal,,,,America/Los_Angeles,6000 %,57.164 degF,7.62521 kcal/hr·kg,0
HKWorkoutTypeIdentifier,Susan’s Apple Watch,9.2,"Watch5,1","<<HKDevice: 0x282e72b20>, name:Apple Watch, manufacturer:Apple Inc., model:Watch, hardware:Watch5,1, software:9.2>",2022-12-22 02:01:57 +0000,2022-12-22 02:17:55 +0000,Pickleball,957.8459359407425,sec,100.779 kcal,,,,America/Los_Angeles,6800 %,51.242 degF,6.68569 kcal/hr·kg,0
HKWorkoutTypeIdentifier,Susan’s Apple Watch,9.2,"Watch5,1","<<HKDevice: 0x282e72b20>, name:Apple Watch, manufacturer:Apple Inc., model:Watch, hardware:Watch5,1, software:9.2>",2022-12-22 22:09:21 +0000,2022-12-23 00:48:20 +0000,Pickleball,7804.286076903343,sec,825.372 kcal,,,,America/Los_Angeles,7000 %,56.642 degF,6.12422 kcal/hr·kg,0
HKWorkoutTypeIdentifier,Susan’s Apple Watch,9.2,"Watch5,1","<<HKDevice: 0x282e72b20>, name:Apple Watch, manufacturer:Apple Inc., model:Watch, hardware:Watch5,1, software:9.2>",2022-12-23 20:26:38 +0000,2022-12-23 22:53:16 +0000,Pickleball,4620.408965826035,sec,614.177 kcal,,,,America/Los_Angeles,7400 %,56.714 degF,7.18166 kcal/hr·kg,0
HKWorkoutTypeIdentifier,Susan’s Apple Watch,9.2,"Watch5,1","<<HKDevice: 0x282e72b20>, name:Apple Watch, manufacturer:Apple Inc., model:Watch, hardware:Watch5,1, software:9.2>",2022-12-26 00:31:05 +0000,2022-12-26 02:47:50 +0000,Pickleball,7127.537952899933,sec,962.739 kcal,,,,America/Los_Angeles,7500 %,58.82 degF,7.92481 kcal/hr·kg,0
HKWorkoutTypeIdentifier,Susan’s Apple Watch,9.2,"Watch5,1","<<HKDevice: 0x282e72b20>, name:Apple Watch, manufacturer:Apple Inc., model:Watch, hardware:Watch5,1, software:9.2>",2022-12-26 21:22:46 +0000,2022-12-27 01:07:59 +0000,Pickleball,11253.247839689255,sec,1472.31 kcal,,,,America/Los_Angeles,7800 %,55.67 degF,7.48087 kcal/hr·kg,0
HKWorkoutTypeIdentifier,Susan’s Apple Watch,9.2,"Watch5,1","<<HKDevice: 0x282e72b20>, name:Apple Watch, manufacturer:Apple Inc., model:Watch, hardware:Watch5,1, software:9.2>",2023-01-01 21:05:07 +0000,2023-01-02 01:30:28 +0000,Pickleball,11044.907310009003,sec,1349.66 kcal,,,,America/Los_Angeles,5600 %,56.264 degF,6.66646 kcal/hr·kg,0
HKWorkoutTypeIdentifier,Susan’s Apple Watch,9.2,"Watch5,1","<<HKDevice: 0x282e72b20>, name:Apple Watch, manufacturer:Apple Inc., model:Watch, hardware:Watch5,1, software:9.2>",2023-01-04 01:10:30 +0000,2023-01-04 02:49:26 +0000,Pickleball,4832.8585649728775,sec,609.475 kcal,,,,America/Los_Angeles,8400 %,52.106 degF,7.10423 kcal/hr·kg,0
HKWorkoutTypeIdentifier,Susan’s Apple Watch,9.2,"Watch5,1","<<HKDevice: 0x282e72b20>, name:Apple Watch, manufacturer:Apple Inc., model:Watch, hardware:Watch5,1, software:9.2>",2023-01-16 21:51:23 +0000,2023-01-16 22:42:47 +0000,Pickleball,3044.1918548345566,sec,349.05 kcal,,,,America/Los_Angeles,8000 %,50.684 degF,7.14479 kcal/hr·kg,0
HKWorkoutTypeIdentifier,Susan’s Apple Watch,9.2,"Watch5,1","<<HKDevice: 0x282e72b20>, name:Apple Watch, manufacturer:Apple Inc., model:Watch, hardware:Watch5,1, software:9.2>",2023-01-19 02:31:35 +0000,2023-01-19 04:06:19 +0000,Pickleball,5630.204797029495,sec,597.406 kcal,,,,America/Los_Angeles,8100 %,51.728 degF,6.78468 kcal/hr·kg,0
HKWorkoutTypeIdentifier,Susan’s Apple Watch,9.2,"Watch5,1","<<HKDevice: 0x282e72b20>, name:Apple Watch, manufacturer:Apple Inc., model:Watch, hardware:Watch5,1, software:9.2>",2023-01-21 03:38:03 +0000,2023-01-21 05:07:16 +0000,Pickleball,5109.811040043831,sec,569.288 kcal,,,,America/Los_Angeles,6300 %,45.716 degF,6.8754 kcal/hr·kg,0
HKWorkoutTypeIdentifier,Susan’s Apple Watch,9.2,"Watch5,1","<<HKDevice: 0x282e72b20>, name:Apple Watch, manufacturer:Apple Inc., model:Watch, hardware:Watch5,1, software:9.2>",2023-01-21 23:22:41 +0000,2023-01-22 02:14:39 +0000,Pickleball,9406.790665984154,sec,952.524 kcal,,,,America/Los_Angeles,5500 %,54.41 degF,6.44856 kcal/hr·kg,0
HKWorkoutTypeIdentifier,Susan’s Apple Watch,9.2,"Watch5,1","<<HKDevice: 0x282e72b20>, name:Apple Watch, manufacturer:Apple Inc., model:Watch, hardware:Watch5,1, software:9.2>",2023-01-22 23:58:02 +0000,2023-01-23 01:00:56 +0000,Pickleball,3299.353656888008,sec,340.412 kcal,,,,America/Los_Angeles,4100 %,57.254 degF,6.03922 kcal/hr·kg,0
HKWorkoutTypeIdentifier,Susan’s Apple Watch,9.3,"Watch5,1","<<HKDevice: 0x282e62170>, name:Apple Watch, manufacturer:Apple Inc., model:Watch, hardware:Watch5,1, software:9.3>",2023-01-24 21:48:02 +0000,2023-01-24 23:27:24 +0000,Pickleball,4631.674035191536,sec,556.39 kcal,,,,America/Los_Angeles,4000 %,61.718 degF,6.81851 kcal/hr·kg,0
HKWorkoutTypeIdentifier,Susan’s Apple Watch,9.3,"Watch5,1","<<HKDevice: 0x282e62170>, name:Apple Watch, manufacturer:Apple Inc., model:Watch, hardware:Watch5,1, software:9.3>",2023-01-26 22:09:37 +0000,2023-01-26 23:27:15 +0000,Pickleball,4419.116823911667,sec,616.159 kcal,,,,America/Los_Angeles,3900 %,65.12 degF,8.48433 kcal/hr·kg,0
HKWorkoutTypeIdentifier,Susan’s Apple Watch,9.3,"Watch5,1","<<HKDevice: 0x282e62170>, name:Apple Watch, manufacturer:Apple Inc., model:Watch, hardware:Watch5,1, software:9.3>",2023-01-28 01:31:34 +0000,2023-01-28 02:57:00 +0000,Pickleball,2833.5475360155106,sec,360.444 kcal,,,,America/Los_Angeles,6400 %,54.428 degF,6.62828 kcal/hr·kg,0
HKWorkoutTypeIdentifier,Susan’s Apple Watch,9.3,"Watch5,1","<<HKDevice: 0x282e62170>, name:Apple Watch, manufacturer:Apple Inc., model:Watch, hardware:Watch5,1, software:9.3>",2023-01-28 03:15:21 +0000,2023-01-28 03:27:06 +0000,Pickleball,704.9207429885864,sec,57.8781 kcal,,,,America/Los_Angeles,7200 %,50.486 degF,5.57241 kcal/hr·kg,0
HKWorkoutTypeIdentifier,Susan’s Apple Watch,9.3,"Watch5,1","<<HKDevice: 0x282e62170>, name:Apple Watch, manufacturer:Apple Inc., model:Watch, hardware:Watch5,1, software:9.3>",2023-01-28 05:15:15 +0000,2023-01-28 06:11:21 +0000,Pickleball,2826.516204237938,sec,347.029 kcal,,,,America/Los_Angeles,7500 %,47.246 degF,7.1139 kcal/hr·kg,0
HKWorkoutTypeIdentifier,Susan’s Apple Watch,9.3,"Watch5,1","<<HKDevice: 0x282e62170>, name:Apple Watch, manufacturer:Apple Inc., model:Watch, hardware:Watch5,1, software:9.3>",2023-01-29 22:45:51 +0000,2023-01-30 00:34:59 +0000,Pickleball,5994.892408013344,sec,796.009 kcal,,,,America/Los_Angeles,7200 %,47.966 degF,8.12104 kcal/hr·kg,0
HKWorkoutTypeIdentifier,Susan’s Apple Watch,9.3,"Watch5,1","<<HKDevice: 0x282e62170>, name:Apple Watch, manufacturer:Apple Inc., model:Watch, hardware:Watch5,1, software:9.3>",2023-01-30 22:46:59 +0000,2023-01-30 23:55:08 +0000,Pickleball,3258.0427149534225,sec,430.746 kcal,,,,America/Los_Angeles,3300 %,54.158 degF,6.99048 kcal/hr·kg,0
HKWorkoutTypeIdentifier,Susan’s Apple Watch,9.3,"Watch5,1","<<HKDevice: 0x282e62170>, name:Apple Watch, manufacturer:Apple Inc., model:Watch, hardware:Watch5,1, software:9.3>",2023-02-02 02:36:39 +0000,2023-02-02 05:19:53 +0000,Pickleball,7104.588780879974,sec,795.27 kcal,,,,America/Los_Angeles,6900 %,49.226 degF,6.47979 kcal/hr·kg,0
HKWorkoutTypeIdentifier,Susan’s Apple Watch,9.3,"Watch5,1","<<HKDevice: 0x282e62170>, name:Apple Watch, manufacturer:Apple Inc., model:Watch, hardware:Watch5,1, software:9.3>",2023-02-02 23:04:13 +0000,2023-02-03 00:28:16 +0000,Pickleball,4988.236640095711,sec,685.533 kcal,,,,America/Los_Angeles,5400 %,56.588 degF,8.46002 kcal/hr·kg,0
HKWorkoutTypeIdentifier,Susan’s Apple Watch,9.3,"Watch5,1","<<HKDevice: 0x282e62170>, name:Apple Watch, manufacturer:Apple Inc., model:Watch, hardware:Watch5,1, software:9.3>",2023-02-05 23:40:35 +0000,2023-02-06 00:38:36 +0000,Pickleball,3481.1544799804688,sec,371.153 kcal,,,,America/Los_Angeles,7500 %,51.908 degF,6.81531 kcal/hr·kg,0
HKWorkoutTypeIdentifier,Susan’s Apple Watch,9.3,"Watch5,1","<<HKDevice: 0x282e62170>, name:Apple Watch, manufacturer:Apple Inc., model:Watch, hardware:Watch5,1, software:9.3>",2023-02-07 21:16:34 +0000,2023-02-07 23:29:08 +0000,Pickleball,5368.35589492321,sec,658.274 kcal,,,,America/Los_Angeles,5800 %,56.534 degF,6.89144 kcal/hr·kg,0
HKWorkoutTypeIdentifier,Susan’s Apple Watch,9.3,"Watch5,1","<<HKDevice: 0x282e62170>, name:Apple Watch, manufacturer:Apple Inc., model:Watch, hardware:Watch5,1, software:9.3>",2023-02-09 02:41:22 +0000,2023-02-09 04:02:31 +0000,Pickleball,4743.685655117035,sec,578.358 kcal,,,,America/Los_Angeles,7000 %,54.032 degF,7.66811 kcal/hr·kg,0
HKWorkoutTypeIdentifier,Susan’s Apple Watch,9.3,"Watch5,1","<<HKDevice: 0x282e62170>, name:Apple Watch, manufacturer:Apple Inc., model:Watch, hardware:Watch5,1, software:9.3>",2023-02-11 01:14:33 +0000,2023-02-11 04:30:13 +0000,Pickleball,10506.896917939186,sec,1445.91 kcal,,,,America/Los_Angeles,7200 %,52.628 degF,8.13672 kcal/hr·kg,0
HKWorkoutTypeIdentifier,Susan’s Apple Watch,9.3,"Watch5,1","<<HKDevice: 0x282e62170>, name:Apple Watch, manufacturer:Apple Inc., model:Watch, hardware:Watch5,1, software:9.3>",2023-02-12 01:15:24 +0000,2023-02-12 03:41:09 +0000,Pickleball,8633.041771888733,sec,1087.59 kcal,,,,America/Los_Angeles,6500 %,51.386 degF,7.92584 kcal/hr·kg,0
HKWorkoutTypeIdentifier,Susan’s Apple Watch,9.3,"Watch5,1","<<HKDevice: 0x282e62170>, name:Apple Watch, manufacturer:Apple Inc., model:Watch, hardware:Watch5,1, software:9.3>",2023-02-12 23:50:28 +0000,2023-02-13 03:36:16 +0000,Pickleball,11227.023248076439,sec,1080.41 kcal,,,,America/Los_Angeles,5000 %,60.782 degF,5.63407 kcal/hr·kg,0
HKWorkoutTypeIdentifier,Susan’s Apple Watch,9.3,"Watch5,1","<<HKDevice: 0x282e62170>, name:Apple Watch, manufacturer:Apple Inc., model:Watch, hardware:Watch5,1, software:9.3>",2023-02-15 02:39:56 +0000,2023-02-15 04:02:22 +0000,Pickleball,4787.092100024223,sec,604.214 kcal,,,,America/Los_Angeles,6400 %,46.49 degF,7.9007 kcal/hr·kg,0
HKWorkoutTypeIdentifier,Susan’s Apple Watch,9.3.1,"Watch5,1","<<HKDevice: 0x282eb5bd0>, name:Apple Watch, manufacturer:Apple Inc., model:Watch, hardware:Watch5,1, software:9.3.1>",2023-02-16 02:42:22 +0000,2023-02-16 05:40:08 +0000,Pickleball,9202.457836031914,sec,1133.2 kcal,,,,America/Los_Angeles,5400 %,48.47 degF,7.50582 kcal/hr·kg,0
HKWorkoutTypeIdentifier,Susan’s Apple Watch,9.3.1,"Watch5,1","<<HKDevice: 0x282eb5bd0>, name:Apple Watch, manufacturer:Apple Inc., model:Watch, hardware:Watch5,1, software:9.3.1>",2023-02-17 02:40:22 +0000,2023-02-17 06:02:50 +0000,Pickleball,8987.454857945442,sec,1053.92 kcal,,,,America/Los_Angeles,5400 %,49.604 degF,7.30085 kcal/hr·kg,0
HKWorkoutTypeIdentifier,Susan’s Apple Watch,9.3.1,"Watch5,1","<<HKDevice: 0x282eb5bd0>, name:Apple Watch, manufacturer:Apple Inc., model:Watch, hardware:Watch5,1, software:9.3.1>",2023-02-19 20:42:40 +0000,2023-02-19 23:56:33 +0000,Pickleball,9519.814685225487,sec,1173.76 kcal,,,,America/Los_Angeles,3700 %,61.88 degF,6.63821 kcal/hr·kg,0
HKWorkoutTypeIdentifier,Susan’s Apple Watch,9.3.1,"Watch5,1","<<HKDevice: 0x282eb5bd0>, name:Apple Watch, manufacturer:Apple Inc., model:Watch, hardware:Watch5,1, software:9.3.1>",2023-02-25 02:43:49 +0000,2023-02-25 03:27:29 +0000,Pickleball,2620.4110699892044,sec,243.202 kcal,,,,America/Los_Angeles,7700 %,42.926 degF,5.76577 kcal/hr·kg,0
HKWorkoutTypeIdentifier,Susan’s Apple Watch,9.3.1,"Watch5,1","<<HKDevice: 0x282eb5bd0>, name:Apple Watch, manufacturer:Apple Inc., model:Watch, hardware:Watch5,1, software:9.3.1>",2023-02-25 21:53:20 +0000,2023-02-26 00:41:15 +0000,Pickleball,7355.105980992317,sec,809.101 kcal,,,,America/Los_Angeles,6800 %,50.414 degF,6.54523 kcal/hr·kg,0
HKWorkoutTypeIdentifier,Susan’s Apple Watch,9.3.1,"Watch5,1","<<HKDevice: 0x282eb5bd0>, name:Apple Watch, manufacturer:Apple Inc., model:Watch, hardware:Watch5,1, software:9.3.1>",2023-03-02 02:05:31 +0000,2023-03-02 03:00:22 +0000,Pickleball,2169.00718832016,sec,300.467 kcal,,,,America/Los_Angeles,5800 %,46.04 degF,7.71259 kcal/hr·kg,0
HKWorkoutTypeIdentifier,Susan’s Apple Watch,9.3.1,"Watch5,1","<<HKDevice: 0x282eb5bd0>, name:Apple Watch, manufacturer:Apple Inc., model:Watch, hardware:Watch5,1, software:9.3.1>",2023-03-04 01:49:54 +0000,2023-03-04 05:46:16 +0000,Pickleball,10891.777665138245,sec,1273.2 kcal,,,,America/Los_Angeles,,,6.42856 kcal/hr·kg,0
HKWorkoutTypeIdentifier,Susan’s Apple Watch,9.3.1,"Watch5,1","<<HKDevice: 0x282eb5bd0>, name:Apple Watch, manufacturer:Apple Inc., model:Watch, hardware:Watch5,1, software:9.3.1>",2023-03-04 23:46:35 +0000,2023-03-05 01:47:04 +0000,Pickleball,5382.254925966263,sec,679.616 kcal,,,,America/Los_Angeles,6000 %,49.748 degF,7.15316 kcal/hr·kg,0
HKWorkoutTypeIdentifier,Susan’s Apple Watch,9.3.1,"Watch5,1","<<HKDevice: 0x282eb5bd0>, name:Apple Watch, manufacturer:Apple Inc., model:Watch, hardware:Watch5,1, software:9.3.1>",2023-03-07 01:17:51 +0000,2023-03-07 05:43:06 +0000,Pickleball,13894.875473022461,sec,1613.28 kcal,,,,America/Los_Angeles,6500 %,51.116 degF,6.60684 kcal/hr·kg,0
HKWorkoutTypeIdentifier,Susan’s Apple Watch,9.3.1,"Watch5,1","<<HKDevice: 0x282eb5bd0>, name:Apple Watch, manufacturer:Apple Inc., model:Watch, hardware:Watch5,1, software:9.3.1>",2023-03-08 02:17:31 +0000,2023-03-08 03:54:41 +0000,Pickleball,3956.8368079662323,sec,380.92 kcal,,,,America/Los_Angeles,6700 %,47.48 degF,4.51763 kcal/hr·kg,0
HKWorkoutTypeIdentifier,Susan’s Apple Watch,9.3.1,"Watch5,1","<<HKDevice: 0x282eb5bd0>, name:Apple Watch, manufacturer:Apple Inc., model:Watch, hardware:Watch5,1, software:9.3.1>",2023-03-09 03:07:00 +0000,2023-03-09 05:20:52 +0000,Pickleball,7062.662880063057,sec,872.972 kcal,,,,America/Los_Angeles,7000 %,46.13 degF,7.37283 kcal/hr·kg,0
HKWorkoutTypeIdentifier,Susan’s Apple Watch,9.3.1,"Watch5,1","<<HKDevice: 0x282eb5bd0>, name:Apple Watch, manufacturer:Apple Inc., model:Watch, hardware:Watch5,1, software:9.3.1>",2023-03-10 23:06:00 +0000,2023-03-11 00:25:03 +0000,Pickleball,3323.8312348127365,sec,474.155 kcal,,,,America/Los_Angeles,6400 %,55.616 degF,7.24121 kcal/hr·kg,0
HKWorkoutTypeIdentifier,Susan’s Apple Watch,9.3.1,"Watch5,1","<<HKDevice: 0x282eb5bd0>, name:Apple Watch, manufacturer:Apple Inc., model:Watch, hardware:Watch5,1, software:9.3.1>",2023-03-11 22:35:52 +0000,2023-03-11 23:15:53 +0000,Pickleball,1153.8078879117966,sec,137.675 kcal,,,,America/Los_Angeles,7900 %,61.196 degF,4.62663 kcal/hr·kg,0
HKWorkoutTypeIdentifier,Susan’s Apple Watch,9.3.1,"Watch5,1","<<HKDevice: 0x282eb5bd0>, name:Apple Watch, manufacturer:Apple Inc., model:Watch, hardware:Watch5,1, software:9.3.1>",2023-03-12 04:57:12 +0000,2023-03-12 05:46:31 +0000,Pickleball,2958.8855109214783,sec,325.857 kcal,,,,America/Los_Angeles,8800 %,54.986 degF,6.98973 kcal/hr·kg,0
HKWorkoutTypeIdentifier,Susan’s Apple Watch,9.3.1,"Watch5,1","<<HKDevice: 0x282eb5bd0>, name:Apple Watch, manufacturer:Apple Inc., model:Watch, hardware:Watch5,1, software:9.3.1>",2023-03-16 02:11:30 +0000,2023-03-16 04:34:05 +0000,Pickleball,6653.887887001038,sec,881.247 kcal,,,,America/Los_Angeles,6800 %,54.428 degF,7.76758 kcal/hr·kg,0
HKWorkoutTypeIdentifier,Susan’s Apple Watch,9.3.1,"Watch5,1","<<HKDevice: 0x282eb5bd0>, name:Apple Watch, manufacturer:Apple Inc., model:Watch, hardware:Watch5,1, software:9.3.1>",2023-03-17 02:25:26 +0000,2023-03-17 04:54:07 +0000,Pickleball,6608.773222088814,sec,741.806 kcal,,,,America/Los_Angeles,,,6.51997 kcal/hr·kg,0
HKWorkoutTypeIdentifier,Susan’s Apple Watch,9.3.1,"Watch5,1","<<HKDevice: 0x282eb5bd0>, name:Apple Watch, manufacturer:Apple Inc., model:Watch, hardware:Watch5,1, software:9.3.1>",2023-03-18 02:28:38 +0000,2023-03-18 05:00:22 +0000,Pickleball,6593.4130210876465,sec,775.403 kcal,,,,America/Los_Angeles,7100 %,57.722 degF,7.50542 kcal/hr·kg,0
HKWorkoutTypeIdentifier,Susan’s Apple Watch,9.3.1,"Watch5,1","<<HKDevice: 0x282eb5bd0>, name:Apple Watch, manufacturer:Apple Inc., model:Watch, hardware:Watch5,1, software:9.3.1>",2023-03-18 22:31:11 +0000,2023-03-19 01:55:40 +0000,Pickleball,8009.920192956924,sec,993.032 kcal,,,,America/Los_Angeles,5500 %,66.002 degF,7.04076 kcal/hr·kg,0
HKWorkoutTypeIdentifier,Susan’s Apple Watch,9.3.1,"Watch5,1","<<HKDevice: 0x282eb5bd0>, name:Apple Watch, manufacturer:Apple Inc., model:Watch, hardware:Watch5,1, software:9.3.1>",2023-03-21 01:25:56 +0000,2023-03-21 02:38:55 +0000,Pickleball,4274.593181014061,sec,494.683 kcal,,,,America/Los_Angeles,6400 %,51.134 degF,7.3822 kcal/hr·kg,0
HKWorkoutTypeIdentifier,Susan’s Apple Watch,9.3.1,"Watch5,1","<<HKDevice: 0x282eb5bd0>, name:Apple Watch, manufacturer:Apple Inc., model:Watch, hardware:Watch5,1, software:9.3.1>",2023-03-25 02:02:52 +0000,2023-03-25 04:45:59 +0000,Pickleball,8792.535296082497,sec,1185.3 kcal,,,,America/Los_Angeles,6600 %,50.954 degF,7.95427 kcal/hr·kg,0
HKWorkoutTypeIdentifier,Susan’s Apple Watch,9.3.1,"Watch5,1","<<HKDevice: 0x282eb5bd0>, name:Apple Watch, manufacturer:Apple Inc., model:Watch, hardware:Watch5,1, software:9.3.1>",2023-03-25 21:48:20 +0000,2023-03-25 23:50:21 +0000,Pickleball,5822.635594844818,sec,641.354 kcal,,,,America/Los_Angeles,4300 %,56.93 degF,5.90115 kcal/hr·kg,0
HKWorkoutTypeIdentifier,Susan’s Apple Watch,9.3.1,"Watch5,1","<<HKDevice: 0x282eb5bd0>, name:Apple Watch, manufacturer:Apple Inc., model:Watch, hardware:Watch5,1, software:9.3.1>",2023-04-01 02:18:58 +0000,2023-04-01 05:00:15 +0000,Pickleball,7942.945189833641,sec,1058.12 kcal,,,,America/Los_Angeles,6800 %,51.548 degF,8.17042 kcal/hr·kg,0
HKWorkoutTypeIdentifier,Susan’s Apple Watch,9.3.1,"Watch5,1","<<HKDevice: 0x282eb5bd0>, name:Apple Watch, manufacturer:Apple Inc., model:Watch, hardware:Watch5,1, software:9.3.1>",2023-04-02 21:25:13 +0000,2023-04-02 23:15:23 +0000,Pickleball,5697.987177014351,sec,776.397 kcal,,,,America/Los_Angeles,5500 %,58.388 degF,8.13429 kcal/hr·kg,0
HKWorkoutTypeIdentifier,Susan’s Apple Watch,9.3.1,"Watch5,1","<<HKDevice: 0x282eb5bd0>, name:Apple Watch, manufacturer:Apple Inc., model:Watch, hardware:Watch5,1, software:9.3.1>",2023-04-08 02:06:41 +0000,2023-04-08 04:57:12 +0000,Pickleball,8017.2581070661545,sec,961.923 kcal,,,,America/Los_Angeles,7900 %,56.084 degF,6.4224 kcal/hr·kg,0
HKWorkoutTypeIdentifier,Susan’s Apple Watch,9.3.1,"Watch5,1","<<HKDevice: 0x282eb5bd0>, name:Apple Watch, manufacturer:Apple Inc., model:Watch, hardware:Watch5,1, software:9.3.1>",2023-04-08 22:03:23 +0000,2023-04-09 00:14:38 +0000,Pickleball,7210.432161092758,sec,806.085 kcal,,,,America/Los_Angeles,5800 %,64.112 degF,6.89943 kcal/hr·kg,0
HKWorkoutTypeIdentifier,Susan’s Apple Watch,9.3.1,"Watch5,1","<<HKDevice: 0x282eb5bd0>, name:Apple Watch, manufacturer:Apple Inc., model:Watch, hardware:Watch5,1, software:9.3.1>",2023-04-12 02:40:18 +0000,2023-04-12 04:19:54 +0000,Pickleball,5975.761370062828,sec,518.696 kcal,,,,America/Los_Angeles,6600 %,53.348 degF,5.53234 kcal/hr·kg,0
HKWorkoutTypeIdentifier,Susan’s Apple Watch,9.3.1,"Watch5,1","<<HKDevice: 0x282eb5bd0>, name:Apple Watch, manufacturer:Apple Inc., model:Watch, hardware:Watch5,1, software:9.3.1>",2023-04-15 02:27:16 +0000,2023-04-15 04:59:01 +0000,Pickleball,8713.978070139885,sec,897.233 kcal,,,,America/Los_Angeles,6800 %,53.222 degF,6.6365 kcal/hr·kg,0
HKWorkoutTypeIdentifier,Susan’s Apple Watch,9.3.1,"Watch5,1","<<HKDevice: 0x282eb5bd0>, name:Apple Watch, manufacturer:Apple Inc., model:Watch, hardware:Watch5,1, software:9.3.1>",2023-04-22 02:06:19 +0000,2023-04-22 04:59:44 +0000,Pickleball,7924.19835793972,sec,1017.61 kcal,,,,America/Los_Angeles,5300 %,68.504 degF,7.0003 kcal/hr·kg,0
HKWorkoutTypeIdentifier,Susan’s Apple Watch,9.3.1,"Watch5,1","<<HKDevice: 0x282eb5bd0>, name:Apple Watch, manufacturer:Apple Inc., model:Watch, hardware:Watch5,1, software:9.3.1>",2023-04-29 02:10:02 +0000,2023-04-29 05:04:48 +0000,Pickleball,8957.083782076836,sec,1152.57 kcal,,,,America/Los_Angeles,6500 %,64.526 degF,7.44579 kcal/hr·kg,0
HKWorkoutTypeIdentifier,Susan’s Apple Watch,9.3.1,"Watch5,1","<<HKDevice: 0x282eb5bd0>, name:Apple Watch, manufacturer:Apple Inc., model:Watch, hardware:Watch5,1, software:9.3.1>",2023-05-07 03:39:24 +0000,2023-05-07 05:09:31 +0000,Pickleball,5406.953835964203,sec,764.425 kcal,,,,America/Los_Angeles,7700 %,53.996 degF,8.78229 kcal/hr·kg,0
HKWorkoutTypeIdentifier,Susan’s Apple Watch,9.3.1,"Watch5,1","<<HKDevice: 0x282eb5bd0>, name:Apple Watch, manufacturer:Apple Inc., model:Watch, hardware:Watch5,1, software:9.3.1>",2023-05-11 01:05:59 +0000,2023-05-11 02:18:03 +0000,Pickleball,3181.21116399765,sec,414.49 kcal,,,,America/Los_Angeles,6700 %,56.966 degF,7.76744 kcal/hr·kg,0
HKWorkoutTypeIdentifier,Susan’s Apple Watch,9.3.1,"Watch5,1","<<HKDevice: 0x282eb5bd0>, name:Apple Watch, manufacturer:Apple Inc., model:Watch, hardware:Watch5,1, software:9.3.1>",2023-05-13 01:52:25 +0000,2023-05-13 04:51:24 +0000,Pickleball,8016.9893671274185,sec,972.398 kcal,,,,America/Los_Angeles,6100 %,65.966 degF,6.30152 kcal/hr·kg,0
HKWorkoutTypeIdentifier,Susan’s Apple Watch,9.3.1,"Watch5,1","<<HKDevice: 0x282eb5bd0>, name:Apple Watch, manufacturer:Apple Inc., model:Watch, hardware:Watch5,1, software:9.3.1>",2023-05-13 21:47:57 +0000,2023-05-13 23:11:49 +0000,Pickleball,3060.2190721035004,sec,339.788 kcal,,,,America/Los_Angeles,4400 %,82.976 degF,5.77314 kcal/hr·kg,0
HKWorkoutTypeIdentifier,Susan’s Apple Watch,9.3.1,"Watch5,1","<<HKDevice: 0x282eb5bd0>, name:Apple Watch, manufacturer:Apple Inc., model:Watch, hardware:Watch5,1, software:9.3.1>",2023-05-23 02:01:08 +0000,2023-05-23 04:15:03 +0000,Pickleball,6686.604622960091,sec,952.077 kcal,,,,America/Los_Angeles,6000 %,66.722 degF,8.20377 kcal/hr·kg,0
HKWorkoutTypeIdentifier,Susan’s Apple Watch,9.3.1,"Watch5,1","<<HKDevice: 0x282eb5bd0>, name:Apple Watch, manufacturer:Apple Inc., model:Watch, hardware:Watch5,1, software:9.3.1>",2023-05-27 01:21:13 +0000,2023-05-27 04:05:03 +0000,Pickleball,8105.564331173897,sec,961.578 kcal,,,,America/Los_Angeles,6500 %,62.258 degF,6.81221 kcal/hr·kg,0
HKWorkoutTypeIdentifier,Susan’s Apple Watch,9.3.1,"Watch5,1","<<HKDevice: 0x282eb5bd0>, name:Apple Watch, manufacturer:Apple Inc., model:Watch, hardware:Watch5,1, software:9.3.1>",2023-05-27 23:27:05 +0000,2023-05-28 05:01:04 +0000,Pickleball,11231.40578699112,sec,1376.88 kcal,,,,America/Los_Angeles,5700 %,68.018 degF,7.41331 kcal/hr·kg,0
HKWorkoutTypeIdentifier,Susan’s Apple Watch,9.3.1,"Watch5,1","<<HKDevice: 0x282eb5bd0>, name:Apple Watch, manufacturer:Apple Inc., model:Watch, hardware:Watch5,1, software:9.3.1>",2023-05-30 00:40:05 +0000,2023-05-30 02:29:42 +0000,Pickleball,5275.383092164993,sec,626.611 kcal,,,,America/Los_Angeles,6100 %,64.418 degF,7.1989 kcal/hr·kg,0
HKWorkoutTypeIdentifier,Susan’s Apple Watch,9.3.1,"Watch5,1","<<HKDevice: 0x282eb5bd0>, name:Apple Watch, manufacturer:Apple Inc., model:Watch, hardware:Watch5,1, software:9.3.1>",2023-06-02 02:27:00 +0000,2023-06-02 05:00:15 +0000,Pickleball,6983.396597862244,sec,916.43 kcal,,,,America/Los_Angeles,6400 %,60.458 degF,7.51791 kcal/hr·kg,0
HKWorkoutTypeIdentifier,Susan’s Apple Watch,9.3.1,"Watch5,1","<<HKDevice: 0x282eb5bd0>, name:Apple Watch, manufacturer:Apple Inc., model:Watch, hardware:Watch5,1, software:9.3.1>",2023-06-03 02:03:06 +0000,2023-06-03 04:56:13 +0000,Pickleball,9485.071552276611,sec,1075.92 kcal,,,,America/Los_Angeles,5700 %,65.318 degF,6.91441 kcal/hr·kg,0
HKWorkoutTypeIdentifier,Susan’s Apple Watch,9.3.1,"Watch5,1","<<HKDevice: 0x282eb5bd0>, name:Apple Watch, manufacturer:Apple Inc., model:Watch, hardware:Watch5,1, software:9.3.1>",2023-06-04 01:15:23 +0000,2023-06-04 04:47:37 +0000,Pickleball,9833.17002093792,sec,927.32 kcal,,,,America/Los_Angeles,5000 %,71.15 degF,5.25033 kcal/hr·kg,0
HKWorkoutTypeIdentifier,Susan’s Apple Watch,9.3.1,"Watch5,1","<<HKDevice: 0x282eb5bd0>, name:Apple Watch, manufacturer:Apple Inc., model:Watch, hardware:Watch5,1, software:9.3.1>",2023-06-07 01:54:26 +0000,2023-06-07 03:35:14 +0000,Pickleball,4651.538676023483,sec,498.345 kcal,,,,America/Los_Angeles,7100 %,64.004 degF,6.20808 kcal/hr·kg,0
HKWorkoutTypeIdentifier,Susan’s Apple Watch,9.3.1,"Watch5,1","<<HKDevice: 0x282eb5bd0>, name:Apple Watch, manufacturer:Apple Inc., model:Watch, hardware:Watch5,1, software:9.3.1>",2023-06-08 01:41:39 +0000,2023-06-08 04:29:31 +0000,Pickleball,9395.259634017944,sec,925.791 kcal,,,,America/Los_Angeles,6200 %,66.92 degF,6.11371 kcal/hr·kg,0
HKWorkoutTypeIdentifier,Susan’s Apple Watch,9.3.1,"Watch5,1","<<HKDevice: 0x282eb5bd0>, name:Apple Watch, manufacturer:Apple Inc., model:Watch, hardware:Watch5,1, software:9.3.1>",2023-06-09 02:25:51 +0000,2023-06-09 04:23:18 +0000,Pickleball,6417.924607038498,sec,701.233 kcal,,,,America/Los_Angeles,6700 %,65.012 degF,6.63921 kcal/hr·kg,0
HKWorkoutTypeIdentifier,Susan’s Apple Watch,9.3.1,"Watch5,1","<<HKDevice: 0x282eb5bd0>, name:Apple Watch, manufacturer:Apple Inc., model:Watch, hardware:Watch5,1, software:9.3.1>",2023-06-09 04:28:42 +0000,2023-06-09 04:51:35 +0000,Pickleball,1313.812649011612,sec,105.119 kcal,,,,America/Los_Angeles,8100 %,58.838 degF,4.97829 kcal/hr·kg,0
HKWorkoutTypeIdentifier,Susan’s Apple Watch,9.3.1,"Watch5,1","<<HKDevice: 0x282eb5bd0>, name:Apple Watch, manufacturer:Apple Inc., model:Watch, hardware:Watch5,1, software:9.3.1>",2023-06-11 01:32:34 +0000,2023-06-11 04:50:28 +0000,Pickleball,11630.47957623005,sec,1085.56 kcal,,,,America/Los_Angeles,6900 %,63.356 degF,5.47912 kcal/hr·kg,0
HKWorkoutTypeIdentifier,Susan’s Apple Watch,9.3.1,"Watch5,1","<<HKDevice: 0x282eb5bd0>, name:Apple Watch, manufacturer:Apple Inc., model:Watch, hardware:Watch5,1, software:9.3.1>",2023-06-12 01:07:12 +0000,2023-06-12 02:09:01 +0000,Pickleball,2586.6693398952484,sec,347.084 kcal,,,,America/Los_Angeles,6200 %,69.17 degF,7.84374 kcal/hr·kg,0
HKWorkoutTypeIdentifier,Susan’s Apple Watch,9.3.1,"Watch5,1","<<HKDevice: 0x282eb5bd0>, name:Apple Watch, manufacturer:Apple Inc., model:Watch, hardware:Watch5,1, software:9.3.1>",2023-06-12 03:41:34 +0000,2023-06-12 04:42:50 +0000,Pickleball,2684.207028031349,sec,373.274 kcal,,,,America/Los_Angeles,7500 %,60.494 degF,6.78364 kcal/hr·kg,0
HKWorkoutTypeIdentifier,Susan’s Apple Watch,9.3.1,"Watch5,1","<<HKDevice: 0x282eb5bd0>, name:Apple Watch, manufacturer:Apple Inc., model:Watch, hardware:Watch5,1, software:9.3.1>",2023-06-15 01:50:28 +0000,2023-06-15 04:41:38 +0000,Pickleball,7899.111550331116,sec,916.753 kcal,,,,America/Los_Angeles,6500 %,67.28 degF,6.68371 kcal/hr·kg,0
HKWorkoutTypeIdentifier,Susan’s Apple Watch,9.3.1,"Watch5,1","<<HKDevice: 0x282eb5bd0>, name:Apple Watch, manufacturer:Apple Inc., model:Watch, hardware:Watch5,1, software:9.3.1>",2023-06-16 02:16:17 +0000,2023-06-16 05:01:16 +0000,Pickleball,8620.398249745369,sec,900.014 kcal,,,,America/Los_Angeles,6500 %,66.38 degF,5.7625 kcal/hr·kg,0
HKWorkoutTypeIdentifier,Susan’s Apple Watch,9.3.1,"Watch5,1","<<HKDevice: 0x282eb5bd0>, name:Apple Watch, manufacturer:Apple Inc., model:Watch, hardware:Watch5,1, software:9.3.1>",2023-06-17 02:15:30 +0000,2023-06-17 04:59:59 +0000,Pickleball,7535.384046912193,sec,920.203 kcal,,,,America/Los_Angeles,6500 %,68.018 degF,6.76934 kcal/hr·kg,0
HKWorkoutTypeIdentifier,Susan’s Apple Watch,9.5.1,"Watch5,1","<<HKDevice: 0x282ebc230>, name:Apple Watch, manufacturer:Apple Inc., model:Watch, hardware:Watch5,1, software:9.5.1>",2023-06-20 02:01:42 +0000,2023-06-20 05:02:30 +0000,Pickleball,9430.994241833687,sec,1146.72 kcal,,,,America/Los_Angeles,6100 %,61.43 degF,7.06886 kcal/hr·kg,0
HKWorkoutTypeIdentifier,Susan’s Apple Watch,9.5.1,"Watch5,1","<<HKDevice: 0x282ebc230>, name:Apple Watch, manufacturer:Apple Inc., model:Watch, hardware:Watch5,1, software:9.5.1>",2023-06-23 02:20:44 +0000,2023-06-23 04:59:08 +0000,Pickleball,6321.668074250221,sec,830.632 kcal,,,,America/Los_Angeles,6900 %,61.7 degF,6.93623 kcal/hr·kg,0
HKWorkoutTypeIdentifier,Susan’s Apple Watch,9.5.2,"Watch5,1","<<HKDevice: 0x282ebc500>, name:Apple Watch, manufacturer:Apple Inc., model:Watch, hardware:Watch5,1, software:9.5.2>",2023-06-24 02:12:28 +0000,2023-06-24 04:59:35 +0000,Pickleball,8533.545809984207,sec,1021.85 kcal,,,,America/Los_Angeles,6600 %,62.618 degF,6.52081 kcal/hr·kg,0
HKWorkoutTypeIdentifier,Susan’s Apple Watch,9.5.2,"Watch5,1","<<HKDevice: 0x282ebc500>, name:Apple Watch, manufacturer:Apple Inc., model:Watch, hardware:Watch5,1, software:9.5.2>",2023-06-24 21:57:03 +0000,2023-06-24 23:14:12 +0000,Pickleball,3579.5349580049515,sec,330.818 kcal,,,,America/Los_Angeles,5700 %,68.99 degF,5.98928 kcal/hr·kg,0
HKWorkoutTypeIdentifier,Susan’s Apple Watch,9.5.2,"Watch5,1","<<HKDevice: 0x282ebc500>, name:Apple Watch, manufacturer:Apple Inc., model:Watch, hardware:Watch5,1, software:9.5.2>",2023-06-25 02:45:30 +0000,2023-06-25 04:16:01 +0000,Pickleball,4884.052064061165,sec,578.064 kcal,,,,America/Los_Angeles,7400 %,60.152 degF,6.80605 kcal/hr·kg,0
HKWorkoutTypeIdentifier,Susan’s Apple Watch,9.5.2,"Watch5,1","<<HKDevice: 0x282ebc500>, name:Apple Watch, manufacturer:Apple Inc., model:Watch, hardware:Watch5,1, software:9.5.2>",2023-06-28 01:14:19 +0000,2023-06-28 03:10:14 +0000,Pickleball,5076.231898903847,sec,571.746 kcal,,,,America/Los_Angeles,6700 %,63.392 degF,5.60086 kcal/hr·kg,0
HKWorkoutTypeIdentifier,Susan’s Apple Watch,9.5.2,"Watch5,1","<<HKDevice: 0x282ebc500>, name:Apple Watch, manufacturer:Apple Inc., model:Watch, hardware:Watch5,1, software:9.5.2>",2023-06-30 01:41:54 +0000,2023-06-30 04:53:50 +0000,Pickleball,8613.843223929405,sec,922.715 kcal,,,,America/Los_Angeles,5800 %,73.994 degF,5.77289 kcal/hr·kg,0
HKWorkoutTypeIdentifier,Susan’s Apple Watch,9.5.2,"Watch5,1","<<HKDevice: 0x282ebc500>, name:Apple Watch, manufacturer:Apple Inc., model:Watch, hardware:Watch5,1, software:9.5.2>",2023-07-01 02:16:37 +0000,2023-07-01 04:47:44 +0000,Pickleball,8622.077465176582,sec,1031.08 kcal,,,,America/Los_Angeles,5800 %,73.562 degF,7.22743 kcal/hr·kg,0
HKWorkoutTypeIdentifier,Susan’s Apple Watch,9.5.2,"Watch5,1","<<HKDevice: 0x282ebc500>, name:Apple Watch, manufacturer:Apple Inc., model:Watch, hardware:Watch5,1, software:9.5.2>",2023-07-02 02:58:25 +0000,2023-07-02 05:01:41 +0000,Pickleball,6127.301229119301,sec,924.702 kcal,,,,America/Los_Angeles,3800 %,86.144 degF,8.10594 kcal/hr·kg,0
HKWorkoutTypeIdentifier,Susan’s Apple Watch,9.5.2,"Watch5,1","<<HKDevice: 0x282ebc500>, name:Apple Watch, manufacturer:Apple Inc., model:Watch, hardware:Watch5,1, software:9.5.2>",2023-07-04 02:20:48 +0000,2023-07-04 05:01:12 +0000,Pickleball,8671.67202591896,sec,1150.58 kcal,,,,America/Los_Angeles,6500 %,68.954 degF,7.92959 kcal/hr·kg,0
HKWorkoutTypeIdentifier,Susan’s Apple Watch,9.5.2,"Watch5,1","<<HKDevice: 0x282ebc500>, name:Apple Watch, manufacturer:Apple Inc., model:Watch, hardware:Watch5,1, software:9.5.2>",2023-07-05 00:13:04 +0000,2023-07-05 01:52:51 +0000,Pickleball,4248.769255042076,sec,482.805 kcal,,,,America/Los_Angeles,7500 %,61.574 degF,5.96124 kcal/hr·kg,0
HKWorkoutTypeIdentifier,Susan’s Apple Watch,9.5.2,"Watch5,1","<<HKDevice: 0x282ebc500>, name:Apple Watch, manufacturer:Apple Inc., model:Watch, hardware:Watch5,1, software:9.5.2>",2023-07-08 01:50:27 +0000,2023-07-08 04:53:17 +0000,Pickleball,10040.059275984764,sec,1209.25 kcal,,,,America/Los_Angeles,7100 %,61.808 degF,7.07852 kcal/hr·kg,0
HKWorkoutTypeIdentifier,Susan’s Apple Watch,9.5.2,"Watch5,1","<<HKDevice: 0x282ebc500>, name:Apple Watch, manufacturer:Apple Inc., model:Watch, hardware:Watch5,1, software:9.5.2>",2023-07-09 00:34:12 +0000,2023-07-09 03:36:33 +0000,Pickleball,10787.501116037369,sec,1013.77 kcal,,,,America/Los_Angeles,6800 %,63.284 degF,5.66258 kcal/hr·kg,0
HKWorkoutTypeIdentifier,Susan’s Apple Watch,9.5.2,"Watch5,1","<<HKDevice: 0x282ebc500>, name:Apple Watch, manufacturer:Apple Inc., model:Watch, hardware:Watch5,1, software:9.5.2>",2023-07-12 02:25:16 +0000,2023-07-12 04:33:09 +0000,Pickleball,7346.850113987923,sec,832.565 kcal,,,,America/Los_Angeles,5600 %,71.852 degF,7.0251 kcal/hr·kg,0
HKWorkoutTypeIdentifier,Susan’s Apple Watch,9.5.2,"Watch5,1","<<HKDevice: 0x282ebc500>, name:Apple Watch, manufacturer:Apple Inc., model:Watch, hardware:Watch5,1, software:9.5.2>",2023-07-14 02:05:54 +0000,2023-07-14 03:53:48 +0000,Pickleball,3987.9819658994675,sec,509.493 kcal,,,,America/Los_Angeles,5500 %,72.626 degF,6.3955 kcal/hr·kg,0
HKWorkoutTypeIdentifier,Susan’s Apple Watch,9.5.2,"Watch5,1","<<HKDevice: 0x282ebc500>, name:Apple Watch, manufacturer:Apple Inc., model:Watch, hardware:Watch5,1, software:9.5.2>",2023-07-15 01:58:30 +0000,2023-07-15 04:55:42 +0000,Pickleball,9666.712246894836,sec,1226.28 kcal,,,,America/Los_Angeles,5700 %,74.768 degF,7.50375 kcal/hr·kg,0
HKWorkoutTypeIdentifier,Susan’s Apple Watch,9.5.2,"Watch5,1","<<HKDevice: 0x282ebc500>, name:Apple Watch, manufacturer:Apple Inc., model:Watch, hardware:Watch5,1, software:9.5.2>",2023-07-15 22:49:26 +0000,2023-07-16 00:09:14 +0000,Pickleball,4770.205108046532,sec,586.577 kcal,,,,America/Los_Angeles,6600 %,69.35 degF,7.78543 kcal/hr·kg,0
HKWorkoutTypeIdentifier,Susan’s Apple Watch,9.5.2,"Watch5,1","<<HKDevice: 0x282ebc500>, name:Apple Watch, manufacturer:Apple Inc., model:Watch, hardware:Watch5,1, software:9.5.2>",2023-07-16 03:24:22 +0000,2023-07-16 04:43:59 +0000,Pickleball,4043.445543050766,sec,456.868 kcal,,,,America/Los_Angeles,7000 %,70.502 degF,6.89982 kcal/hr·kg,0
HKWorkoutTypeIdentifier,Susan’s Apple Watch,9.5.2,"Watch5,1","<<HKDevice: 0x282ebc500>, name:Apple Watch, manufacturer:Apple Inc., model:Watch, hardware:Watch5,1, software:9.5.2>",2023-07-17 02:56:27 +0000,2023-07-17 05:00:21 +0000,Pickleball,6385.492129921913,sec,746.156 kcal,,,,America/Los_Angeles,6200 %,70.322 degF,6.97367 kcal/hr·kg,0
HKWorkoutTypeIdentifier,Susan’s Apple Watch,9.5.2,"Watch5,1","<<HKDevice: 0x282ebc500>, name:Apple Watch, manufacturer:Apple Inc., model:Watch, hardware:Watch5,1, software:9.5.2>",2023-07-18 02:44:45 +0000,2023-07-18 04:22:20 +0000,Pickleball,4506.428701162338,sec,613.696 kcal,,,,America/Los_Angeles,5500 %,73.544 degF,8.04232 kcal/hr·kg,0
HKWorkoutTypeIdentifier,Susan’s Apple Watch,9.5.2,"Watch5,1","<<HKDevice: 0x282ebc500>, name:Apple Watch, manufacturer:Apple Inc., model:Watch, hardware:Watch5,1, software:9.5.2>",2023-07-20 01:35:33 +0000,2023-07-20 04:43:45 +0000,Pickleball,5368.7429720163345,sec,750.788 kcal,,,,America/Los_Angeles,6000 %,71.294 degF,6.10057 kcal/hr·kg,0
HKWorkoutTypeIdentifier,Susan’s Apple Watch,9.5.2,"Watch5,1","<<HKDevice: 0x282ebc500>, name:Apple Watch, manufacturer:Apple Inc., model:Watch, hardware:Watch5,1, software:9.5.2>",2023-07-21 02:18:21 +0000,2023-07-21 04:40:19 +0000,Pickleball,6928.4106459617615,sec,703.553 kcal,,,,America/Los_Angeles,5100 %,73.976 degF,5.93726 kcal/hr·kg,0
HKWorkoutTypeIdentifier,Susan’s Apple Watch,9.5.2,"Watch5,1","<<HKDevice: 0x282ebc500>, name:Apple Watch, manufacturer:Apple Inc., model:Watch, hardware:Watch5,1, software:9.5.2>",2023-07-23 00:23:58 +0000,2023-07-23 03:26:24 +0000,Pickleball,7145.617074012756,sec,825.718 kcal,,,,America/Los_Angeles,4800 %,80.42 degF,6.02466 kcal/hr·kg,0
HKWorkoutTypeIdentifier,Susan’s Apple Watch,9.5.2,"Watch5,1","<<HKDevice: 0x282ebc500>, name:Apple Watch, manufacturer:Apple Inc., model:Watch, hardware:Watch5,1, software:9.5.2>",2023-07-24 02:02:41 +0000,2023-07-24 03:54:07 +0000,Pickleball,5444.447185993195,sec,669.665 kcal,,,,America/Los_Angeles,5900 %,69.458 degF,6.94456 kcal/hr·kg,0
HKWorkoutTypeIdentifier,Susan’s Apple Watch,9.5.2,"Watch5,1","<<HKDevice: 0x282ebc500>, name:Apple Watch, manufacturer:Apple Inc., model:Watch, hardware:Watch5,1, software:9.5.2>",2023-07-25 02:39:18 +0000,2023-07-25 04:11:09 +0000,Pickleball,4895.460883140564,sec,644.604 kcal,,,,America/Los_Angeles,5900 %,69.602 degF,7.82258 kcal/hr·kg,0
HKWorkoutTypeIdentifier,Susan’s Apple Watch,9.6,"Watch5,1","<<HKDevice: 0x282e44230>, name:Apple Watch, manufacturer:Apple Inc., model:Watch, hardware:Watch5,1, software:9.6>",2023-07-27 01:30:14 +0000,2023-07-27 04:53:07 +0000,Pickleball,7894.0584580898285,sec,1031.88 kcal,,,,America/Los_Angeles,5700 %,72.464 degF,6.99173 kcal/hr·kg,0
HKWorkoutTypeIdentifier,Susan’s Apple Watch,9.6,"Watch5,1","<<HKDevice: 0x282e44230>, name:Apple Watch, manufacturer:Apple Inc., model:Watch, hardware:Watch5,1, software:9.6>",2023-07-29 02:12:33 +0000,2023-07-29 04:59:32 +0000,Pickleball,8318.770323991776,sec,1104.63 kcal,,,,America/Los_Angeles,5400 %,70.214 degF,8.00826 kcal/hr·kg,0
HKWorkoutTypeIdentifier,Susan’s Apple Watch,9.6,"Watch5,1","<<HKDevice: 0x282e44230>, name:Apple Watch, manufacturer:Apple Inc., model:Watch, hardware:Watch5,1, software:9.6>",2023-07-30 02:23:39 +0000,2023-07-30 03:22:01 +0000,Pickleball,3501.464399933815,sec,332.489 kcal,,,,America/Los_Angeles,5600 %,68.846 degF,5.25324 kcal/hr·kg,0
HKWorkoutTypeIdentifier,Susan’s Apple Watch,9.6,"Watch5,1","<<HKDevice: 0x282e44230>, name:Apple Watch, manufacturer:Apple Inc., model:Watch, hardware:Watch5,1, software:9.6>",2023-08-03 01:32:03 +0000,2023-08-03 04:51:57 +0000,Pickleball,8898.259285926819,sec,1211.38 kcal,,,,America/Los_Angeles,6800 %,66.218 degF,7.34689 kcal/hr·kg,0
HKWorkoutTypeIdentifier,Susan’s Apple Watch,9.6,"Watch5,1","<<HKDevice: 0x282e44230>, name:Apple Watch, manufacturer:Apple Inc., model:Watch, hardware:Watch5,1, software:9.6>",2023-08-04 02:01:48 +0000,2023-08-04 05:06:00 +0000,Pickleball,9815.805418014526,sec,1299.1 kcal,,,,America/Los_Angeles,7800 %,64.202 degF,7.89186 kcal/hr·kg,0
HKWorkoutTypeIdentifier,Susan’s Apple Watch,9.6,"Watch5,1","<<HKDevice: 0x282e44230>, name:Apple Watch, manufacturer:Apple Inc., model:Watch, hardware:Watch5,1, software:9.6>",2023-08-06 01:25:32 +0000,2023-08-06 04:57:20 +0000,Pickleball,10165.296651244164,sec,1347.92 kcal,,,,America/Los_Angeles,5800 %,73.31 degF,7.63779 kcal/hr·kg,0
HKWorkoutTypeIdentifier,Susan’s Apple Watch,9.6,"Watch5,1","<<HKDevice: 0x282e44230>, name:Apple Watch, manufacturer:Apple Inc., model:Watch, hardware:Watch5,1, software:9.6>",2023-08-07 03:23:19 +0000,2023-08-07 05:09:20 +0000,Pickleball,4128.864882946014,sec,571.841 kcal,,,,America/Los_Angeles,4200 %,78.35 degF,7.72229 kcal/hr·kg,0
HKWorkoutTypeIdentifier,Susan’s Apple Watch,9.6,"Watch5,1","<<HKDevice: 0x282e44230>, name:Apple Watch, manufacturer:Apple Inc., model:Watch, hardware:Watch5,1, software:9.6>",2023-08-09 02:09:24 +0000,2023-08-09 04:50:17 +0000,Pickleball,7589.402219057083,sec,894.9 kcal,,,,America/Los_Angeles,6700 %,69.386 degF,6.80755 kcal/hr·kg,0
HKWorkoutTypeIdentifier,Susan’s Apple Watch,9.6,"Watch5,1","<<HKDevice: 0x282e44230>, name:Apple Watch, manufacturer:Apple Inc., model:Watch, hardware:Watch5,1, software:9.6>",2023-08-10 01:59:34 +0000,2023-08-10 04:59:07 +0000,Pickleball,8756.252246141434,sec,1003.18 kcal,,,,America/Los_Angeles,6300 %,70.484 degF,6.49755 kcal/hr·kg,0
HKWorkoutTypeIdentifier,Susan’s Apple Watch,9.6,"Watch5,1","<<HKDevice: 0x282e44230>, name:Apple Watch, manufacturer:Apple Inc., model:Watch, hardware:Watch5,1, software:9.6>",2023-08-11 02:10:53 +0000,2023-08-11 04:50:53 +0000,Pickleball,7317.292037844658,sec,809.487 kcal,,,,America/Los_Angeles,6200 %,72.086 degF,6.58027 kcal/hr·kg,0
HKWorkoutTypeIdentifier,Susan’s Apple Watch,9.6,"Watch5,1","<<HKDevice: 0x282e44230>, name:Apple Watch, manufacturer:Apple Inc., model:Watch, hardware:Watch5,1, software:9.6>",2023-08-13 02:28:03 +0000,2023-08-13 04:07:30 +0000,Pickleball,5487.591521024704,sec,542.498 kcal,,,,America/Los_Angeles,6600 %,70.916 degF,5.81486 kcal/hr·kg,0
HKWorkoutTypeIdentifier,Susan’s Apple Watch,9.6,"Watch5,1","<<HKDevice: 0x282e44230>, name:Apple Watch, manufacturer:Apple Inc., model:Watch, hardware:Watch5,1, software:9.6>",2023-08-17 02:13:24 +0000,2023-08-17 04:19:58 +0000,Pickleball,6239.8076910972595,sec,821.26 kcal,,,,America/Los_Angeles,6500 %,74.174 degF,7.93653 kcal/hr·kg,0
HKWorkoutTypeIdentifier,Susan’s Apple Watch,9.6.1,"Watch5,1","<<HKDevice: 0x282e4a030>, name:Apple Watch, manufacturer:Apple Inc., model:Watch, hardware:Watch5,1, software:9.6.1>",2023-08-19 02:12:00 +0000,2023-08-19 04:59:48 +0000,Pickleball,4535.385786056519,sec,544.421 kcal,,,,America/Los_Angeles,6500 %,71.672 degF,6.44915 kcal/hr·kg,0
HKWorkoutTypeIdentifier,Susan’s Apple Watch,9.6.1,"Watch5,1","<<HKDevice: 0x282e4a030>, name:Apple Watch, manufacturer:Apple Inc., model:Watch, hardware:Watch5,1, software:9.6.1>",2023-08-20 03:24:00 +0000,2023-08-20 05:02:26 +0000,Pickleball,5227.845164060593,sec,714.532 kcal,,,,America/Los_Angeles,7400 %,67.046 degF,8.33818 kcal/hr·kg,0
HKWorkoutTypeIdentifier,Susan’s Apple Watch,9.6.1,"Watch5,1","<<HKDevice: 0x282e4a030>, name:Apple Watch, manufacturer:Apple Inc., model:Watch, hardware:Watch5,1, software:9.6.1>",2023-08-21 02:50:08 +0000,2023-08-21 04:35:54 +0000,Pickleball,5614.623419046402,sec,803.867 kcal,,,,America/Los_Angeles,6300 %,70.358 degF,8.41766 kcal/hr·kg,0
HKWorkoutTypeIdentifier,Susan’s Apple Watch,9.6.1,"Watch5,1","<<HKDevice: 0x282e4a030>, name:Apple Watch, manufacturer:Apple Inc., model:Watch, hardware:Watch5,1, software:9.6.1>",2023-08-24 01:42:57 +0000,2023-08-24 05:02:17 +0000,Pickleball,8264.265291929245,sec,1064 kcal,,,,America/Los_Angeles,4900 %,82.508 degF,6.91291 kcal/hr·kg,0
HKWorkoutTypeIdentifier,Susan’s Apple Watch,9.6.1,"Watch5,1","<<HKDevice: 0x282e4a030>, name:Apple Watch, manufacturer:Apple Inc., model:Watch, hardware:Watch5,1, software:9.6.1>",2023-08-25 02:42:30 +0000,2023-08-25 05:02:57 +0000,Pickleball,6558.309579133987,sec,809.939 kcal,,,,America/Los_Angeles,6900 %,71.402 degF,6.90927 kcal/hr·kg,0
HKWorkoutTypeIdentifier,Susan’s Apple Watch,9.6.1,"Watch5,1","<<HKDevice: 0x282e4a030>, name:Apple Watch, manufacturer:Apple Inc., model:Watch, hardware:Watch5,1, software:9.6.1>",2023-08-26 02:26:44 +0000,2023-08-26 05:00:31 +0000,Pickleball,7411.925805807114,sec,944.064 kcal,,,,America/Los_Angeles,7100 %,67.388 degF,7.09634 kcal/hr·kg,0
HKWorkoutTypeIdentifier,Susan’s Apple Watch,9.6.1,"Watch5,1","<<HKDevice: 0x282e4a030>, name:Apple Watch, manufacturer:Apple Inc., model:Watch, hardware:Watch5,1, software:9.6.1>",2023-08-27 01:56:05 +0000,2023-08-27 05:02:21 +0000,Pickleball,10202.097458958626,sec,1102.38 kcal,,,,America/Los_Angeles,6600 %,68.72 degF,6.38842 kcal/hr·kg,0
HKWorkoutTypeIdentifier,Susan’s Apple Watch,9.6.1,"Watch5,1","<<HKDevice: 0x282e4a030>, name:Apple Watch, manufacturer:Apple Inc., model:Watch, hardware:Watch5,1, software:9.6.1>",2023-08-30 01:56:32 +0000,2023-08-30 05:02:58 +0000,Pickleball,7413.785896897316,sec,926.539 kcal,,,,America/Los_Angeles,5300 %,74.462 degF,6.07694 kcal/hr·kg,0
HKWorkoutTypeIdentifier,Susan’s Apple Watch,9.6.1,"Watch5,1","<<HKDevice: 0x282e4a030>, name:Apple Watch, manufacturer:Apple Inc., model:Watch, hardware:Watch5,1, software:9.6.1>",2023-08-31 02:26:28 +0000,2023-08-31 05:05:55 +0000,Pickleball,6265.376722931862,sec,793.729 kcal,,,,America/Los_Angeles,3600 %,79.826 degF,6.89871 kcal/hr·kg,0
HKWorkoutTypeIdentifier,Susan’s Apple Watch,9.6.1,"Watch5,1","<<HKDevice: 0x282e4a030>, name:Apple Watch, manufacturer:Apple Inc., model:Watch, hardware:Watch5,1, software:9.6.1>",2023-09-02 01:45:32 +0000,2023-09-02 05:05:22 +0000,Pickleball,9949.61533510685,sec,1314.51 kcal,,,,America/Los_Angeles,7700 %,65.768 degF,7.54271 kcal/hr·kg,0
HKWorkoutTypeIdentifier,Susan’s Apple Watch,9.6.1,"Watch5,1","<<HKDevice: 0x282e4a030>, name:Apple Watch, manufacturer:Apple Inc., model:Watch, hardware:Watch5,1, software:9.6.1>",2023-09-03 03:18:04 +0000,2023-09-03 04:59:16 +0000,Pickleball,2890.3967118263245,sec,427.767 kcal,,,,America/Los_Angeles,7600 %,65.93 degF,6.4619 kcal/hr·kg,0
HKWorkoutTypeIdentifier,Susan’s Apple Watch,9.6.1,"Watch5,1","<<HKDevice: 0x282e4a030>, name:Apple Watch, manufacturer:Apple Inc., model:Watch, hardware:Watch5,1, software:9.6.1>",2023-09-07 01:56:47 +0000,2023-09-07 05:00:29 +0000,Pickleball,8971.121594071388,sec,1191.41 kcal,,,,America/Los_Angeles,6200 %,70.304 degF,7.34782 kcal/hr·kg,0
HKWorkoutTypeIdentifier,Susan’s Apple Watch,9.6.1,"Watch5,1","<<HKDevice: 0x282e4a030>, name:Apple Watch, manufacturer:Apple Inc., model:Watch, hardware:Watch5,1, software:9.6.1>",2023-09-08 01:58:01 +0000,2023-09-08 04:42:02 +0000,Pickleball,8007.221875905991,sec,1058.14 kcal,,,,America/Los_Angeles,6000 %,70.718 degF,7.96606 kcal/hr·kg,0
HKWorkoutTypeIdentifier,Susan’s Apple Watch,9.6.2,"Watch5,1","<<HKDevice: 0x282e57e80>, name:Apple Watch, manufacturer:Apple Inc., model:Watch, hardware:Watch5,1, software:9.6.2>",2023-09-10 22:20:07 +0000,2023-09-10 22:31:37 +0000,Pickleball,689.2063509225845,sec,67.7157 kcal,,,,America/Los_Angeles,5900 %,80.456 degF,6.27719 kcal/hr·kg,0
HKWorkoutTypeIdentifier,Susan’s Apple Watch,9.6.2,"Watch5,1","<<HKDevice: 0x282e57e80>, name:Apple Watch, manufacturer:Apple Inc., model:Watch, hardware:Watch5,1, software:9.6.2>",2023-09-14 02:24:08 +0000,2023-09-14 05:00:28 +0000,Pickleball,6847.364110946655,sec,755.504 kcal,,,,America/Los_Angeles,7200 %,67.388 degF,6.51578 kcal/hr·kg,0
HKWorkoutTypeIdentifier,Susan’s Apple Watch,9.6.2,"Watch5,1","<<HKDevice: 0x282e57e80>, name:Apple Watch, manufacturer:Apple Inc., model:Watch, hardware:Watch5,1, software:9.6.2>",2023-09-15 03:33:41 +0000,2023-09-15 05:02:00 +0000,Pickleball,4405.050541877747,sec,619.878 kcal,,,,America/Los_Angeles,8200 %,63.842 degF,8.12294 kcal/hr·kg,0
HKWorkoutTypeIdentifier,Susan’s Apple Watch,9.6.2,"Watch5,1","<<HKDevice: 0x282e57e80>, name:Apple Watch, manufacturer:Apple Inc., model:Watch, hardware:Watch5,1, software:9.6.2>",2023-09-16 02:08:51 +0000,2023-09-16 04:51:21 +0000,Pickleball,5435.877802848816,sec,583.045 kcal,,,,America/Los_Angeles,7600 %,67.208 degF,4.61147 kcal/hr·kg,0
HKWorkoutTypeIdentifier,Susan’s Apple Watch,9.6.2,"Watch5,1","<<HKDevice: 0x282e57e80>, name:Apple Watch, manufacturer:Apple Inc., model:Watch, hardware:Watch5,1, software:9.6.2>",2023-09-17 00:25:02 +0000,2023-09-17 04:19:36 +0000,Pickleball,12116.50631415844,sec,1217.47 kcal,,,,America/Los_Angeles,6700 %,70.502 degF,5.62927 kcal/hr·kg,0
HKWorkoutTypeIdentifier,Susan’s Apple Watch,9.6.2,"Watch5,1","<<HKDevice: 0x282e57e80>, name:Apple Watch, manufacturer:Apple Inc., model:Watch, hardware:Watch5,1, software:9.6.2>",2023-09-21 01:55:30 +0000,2023-09-21 04:37:06 +0000,Pickleball,6578.136169075966,sec,852.329 kcal,,,,America/Los_Angeles,7200 %,65.138 degF,6.70479 kcal/hr·kg,0
HKWorkoutTypeIdentifier,Susan’s Apple Watch,9.6.2,"Watch5,1","<<HKDevice: 0x282e57e80>, name:Apple Watch, manufacturer:Apple Inc., model:Watch, hardware:Watch5,1, software:9.6.2>",2023-09-23 02:08:05 +0000,2023-09-23 04:43:33 +0000,Pickleball,7864.99745798111,sec,963.374 kcal,,,,America/Los_Angeles,7100 %,63.248 degF,7.03543 kcal/hr·kg,0
HKWorkoutTypeIdentifier,Susan’s Apple Watch,9.6.3,"Watch5,1","<<HKDevice: 0x282e57ca0>, name:Apple Watch, manufacturer:Apple Inc., model:Watch, hardware:Watch5,1, software:9.6.3>",2023-09-24 01:22:27 +0000,2023-09-24 04:47:10 +0000,Pickleball,10891.934415102005,sec,1008.28 kcal,,,,America/Los_Angeles,6600 %,64.436 degF,5.22447 kcal/hr·kg,0
HKWorkoutTypeIdentifier,Susan’s Apple Watch,9.6.3,"Watch5,1","<<HKDevice: 0x282e57ca0>, name:Apple Watch, manufacturer:Apple Inc., model:Watch, hardware:Watch5,1, software:9.6.3>",2023-09-28 02:34:09 +0000,2023-09-28 05:07:27 +0000,Pickleball,7268.772016763687,sec,906.061 kcal,,,,America/Los_Angeles,7700 %,65.732 degF,7.43282 kcal/hr·kg,0
HKWorkoutTypeIdentifier,Susan’s Apple Watch,9.6.3,"Watch5,1","<<HKDevice: 0x282e57ca0>, name:Apple Watch, manufacturer:Apple Inc., model:Watch, hardware:Watch5,1, software:9.6.3>",2023-09-29 03:41:14 +0000,2023-09-29 04:54:53 +0000,Pickleball,3145.9327030181885,sec,388.986 kcal,,,,America/Los_Angeles,7800 %,61.502 degF,7.66047 kcal/hr·kg,0
HKWorkoutTypeIdentifier,Susan’s Apple Watch,9.6.3,"Watch5,1","<<HKDevice: 0x282e57ca0>, name:Apple Watch, manufacturer:Apple Inc., model:Watch, hardware:Watch5,1, software:9.6.3>",2023-09-30 01:58:41 +0000,2023-09-30 04:56:33 +0000,Pickleball,8849.210543990135,sec,1063.43 kcal,,,,America/Los_Angeles,8300 %,62.78 degF,6.96845 kcal/hr·kg,0
HKWorkoutTypeIdentifier,Susan’s Apple Watch,9.6.3,"Watch5,1","<<HKDevice: 0x282e57ca0>, name:Apple Watch, manufacturer:Apple Inc., model:Watch, hardware:Watch5,1, software:9.6.3>",2023-10-01 22:05:31 +0000,2023-10-02 00:26:43 +0000,Pickleball,5100.785593152046,sec,710.933 kcal,,,,America/Los_Angeles,4100 %,74.948 degF,8.04223 kcal/hr·kg,0
HKWorkoutTypeIdentifier,Susan’s Apple Watch,9.6.3,"Watch5,1","<<HKDevice: 0x282e57ca0>, name:Apple Watch, manufacturer:Apple Inc., model:Watch, hardware:Watch5,1, software:9.6.3>",2023-10-04 22:36:35 +0000,2023-10-05 01:17:10 +0000,Pickleball,5840.197181820869,sec,841.797 kcal,,,,America/Los_Angeles,3800 %,85.73 degF,7.79617 kcal/hr·kg,0
HKWorkoutTypeIdentifier,Susan’s Apple Watch,9.6.3,"Watch5,1","<<HKDevice: 0x282e57ca0>, name:Apple Watch, manufacturer:Apple Inc., model:Watch, hardware:Watch5,1, software:9.6.3>",2023-10-05 21:30:45 +0000,2023-10-05 23:23:28 +0000,Pickleball,4967.390094041824,sec,710.718 kcal,,,,America/Los_Angeles,3400 %,86.9 degF,7.65003 kcal/hr·kg,0
